great,ipad,app,cool,store,apple
nice,interesting,good,not,google,party
austin,smart,new,brilliant,get,battery
love,line,presentation,launch,really,android
sucks,better,today,wow,free,circles
one,jealous,thanks,fail,case,best
genius,use,maps,social,temporary,open
much,come,win,time,sweet,even
forward,set,excited,see,loving,like
keep,people,would,want,no,check
network,shit,look,know,move,facebook
going,wait,mobile,downtown,pop,japan
impressive,guy,envy,think,make,shitty
also,fun,service,beautiful,year,booth
opening,twitter,screen,already,voice,tech
schedule,video,congress,work,working,design
anyone,day,called,enjoying,go,need
marketing,hooray,makes,clever,bigger,buy
rock,panel,available,first,far,release
perfect,interested,demo,hate,crashed,next
coolest,show,shop,tomorrow,big,horrible
buzz,saves,session,users,useful,covet
idea,rocks,pure,wish,thing,blackberry
mayer,happy,us,cooler,products,stupid
long,talk,details,lovin,camera,load
crashes,pretty,updates,major,temptation,says
last,retweet,still,magazines,hands,itunes
tempted,trying,giving,news,events,seen
jokes,analytics,search,fave,life,temp
download,game,guys,impressed,web,upgrade
exactly,stroke,way,watch,dead,team
music,course,looking,rockin,success,rendering
yes,fast,stuck,fonts,fanboy,around
secret,days,faulty,ipads,technology,killing
ready,may,needs,meeting,gotto,idiocy
white,died,head,rude,liking,possibly
clocks,take,many,rumor,accessory,ditch
let,heard,farmers,excellent,including,convenient
something,everyone,link,left,hey,ok
wonder,potential,action,brightness,future,awesomeness
fucking,mom,location,filter,someone,ugh
choice,deleting,via,novelty,insightful,boo
digital,right,version,front,core,lot
developers,find,ever,blog,dear,every
zip,super,elegant,south,rocked,includes
website,playing,morning,planner,parking,bing
call,zelda,night,roof,faster,phone
customer,musthave,frustrating,sexy,hours,two
platform,business,bread,switch,nerds,well
please,sigh,issue,photos,lol,broken
bring,others,site,oh,daily,world
friends,back,shiny,thank,run,weird
weeping,feel,tweet,another,mess,walking
code,article,networking,festival,killer,attendees
emotional,sold,opposite,late,data,away
consultation,media,charger,opens,tablet,conference
drooling,retail,worries,conversation,info,building
strong,mode,laptop,awards,able,notes
quickly,close,developing,say,hysterical,folks
sponsored,magic,found,hope,functionality,possible
neither,street,announced,touching,digging,tim
bored,com,live,god,changed,vector
block,care,figure,results,miss,overlapping
man,heading,pick,goes,cover,must
yet,luck,pic,photo,thought,dimensional
fine,company,improvement,meet,gets,story
begins,stuff,desktop,visuals,panic,thin
navigation,follow,space,priorities,interactive,updated
never,feelings,join,fix,ridiculous,papa
selling,uses,suggestions,sounds,real,publishing
later,place,insights,goggles,among,almost
ranking,finally,sure,yai,instead,salon
appear,display,offers,soon,industry,experimentation
send,sync,outside,struggle,discovery,geek
experience,times,special,overheating,stop,track
failing,yay,listening,market,audience,small
crowd,else,demonstration,shill,absolutely,hash
job,signal,influx,hipsters,person,exciting
myopia,rewards,target,domain,turn,start
allowing,seeing,hilton,known,contextual,went
yelp,outlet,speak,saw,read,plenty
amigos,compelling,survey,assume,scheduled,art
loves,bathroom,backup,hard,ask,devices
eagerly,content,agree,america,ha,TRUE
charging,improve,restaurant,sign,totally,sampler
showing,resurgence,added,saving,usage,alone
experiment,done,att,argh,interfaces,delegates
online,always,fiendishly,entertaining,since,stats
role,physical,trouble,without,post,support
song,heart,rain,bar,mac,lost
friday,pay,bout,mechanics,messed,pillow
packed,replaced,worst,personality,bands,blows
la,holler,guide,unveil,featured,hookup
middle,craps,giveaway,change,texas,showcase
address,shortening,damm,sorry,holding,startups
skillfully,preview,test,room,wifi,drink
lasts,perfectly,crazy,sale,channels,seems
mel,example,fancy,login,upbeat,size
home,cab,whole,rad,possibility,doodles
monger,help,energy,card,smelling,sitting
hotpot,starting,valid,consumer,yesterday,ballroom
software,pix,admit,filming,crapped,gift
fees,sleeves,examples,trade,barely,dynamic
ass,lately,fades,lil,works,exact
sangre,pro,regularly,sets,meant,forget
options,damn,productivity,unloading,weekend,hot
cord,plan,brainwashed,bullish,magnetic,queue
highly,official,group,mike,adaptive,baby
question,view,unstable,blah,overlaid,awake
naive,unreal,earth,money,handle,basis
email,id,clone,classics,review,server
die,features,kind,discussion,rumored,put
minutes,recommend,mass,planning,searching,earthquake
gram,ships,wrapped,top,old,provide
methinks,combine,cisco,exploiting,security,though
final,missing,model,pak,rightfully,gadgets
error,portable,durable,overflow,film,windows
spent,traffic,bit,near,british,connected
appreciate,experts,house,fan,means,least
standing,arrived,seo,ken,rows,patio
fire,hack,relief,peter,station,conf
food,revolutionary,locals,pit,apparently,patch
fruit,simple,latest,share,crasher,basically
kudos,sick,smartest,underestimate,plain,public
liked,mostly,barry,tip,phew,met
artists,eating,attending,keyboard,employees,strategy
flight,book,causing,everywhere,programming,stream
surprised,newest,overwhelming,efficient,center,museum
appeal,sayin,program,greater,lounge,deal
sounded,campbell,unfair,red,concert,started
kick,brain,repo,trip,gmail,schools
tyson,funny,panned,ipod,personalized,mention
original,cheaper,etc,banged,hand,amount
setup,delicious,lame,yorkers,march,ad
connect,communication,places,makeshift,sabotaged,fav
client,wandered,gold,clicked,zero,privacy
flash,task,train,succumb,extreme,linking
object,ly,overheard,rise,peeps,saying
straw,million,headaches,full,executed,named
glass,learn,talks,breathtaking,charge,computer
boomers,magnifying,conferences,page,trend,script
forbes,tabs,huh,interrupt,sadly,policy
locked,congrats,enter,tidbit,convention,result
likely,relinquish,beware,awkward,office,hit
trending,stunned,classical,town,canadian,different
learning,regular,nailed,hearing,moving,stay
access,antique,present,hello,debut,activate
hotel,tools,built,single,forming,visit
biz,limited,phones,guard,teaching,offline
consideration,gesture,profits,frozen,happens,easy
burning,charm,borrow,mexican,prefer,face
wisconsin,summer,living,avenue,easier,addictive